serial_no,center_id,center_city,center_state,score
1,272807,SHIVAMOGA (SHIMOGA),KARNATAKA,42
2,272807,SHIVAMOGA (SHIMOGA),KARNATAKA,172
3,272807,SHIVAMOGA (SHIMOGA),KARNATAKA,42
4,272807,SHIVAMOGA (SHIMOGA),KARNATAKA,222
5,272807,SHIVAMOGA (SHIMOGA),KARNATAKA,129
6,272807,SHIVAMOGA (SHIMOGA),KARNATAKA,63
7,272807,SHIVAMOGA (SHIMOGA),KARNATAKA,501
8,272807,SHIVAMOGA (SHIMOGA),KARNATAKA,46
9,272807,SHIVAMOGA (SHIMOGA),KARNATAKA,335
10,272807,SHIVAMOGA (SHIMOGA),KARNATAKA,66
11,272807,SHIVAMOGA (SHIMOGA),KARNATAKA,263
12,272807,SHIVAMOGA (SHIMOGA),KARNATAKA,126
13,272807,SHIVAMOGA (SHIMOGA),KARNATAKA,98
14,272807,SHIVAMOGA (SHIMOGA),KARNATAKA,331
15,272807,SHIVAMOGA (SHIMOGA),KARNATAKA,244
16,272807,SHIVAMOGA (SHIMOGA),KARNATAKA,111
17,272807,SHIVAMOGA (SHIMOGA),KARNATAKA,507
18,272807,SHIVAMOGA (SHIMOGA),KARNATAKA,40
19,272807,SHIVAMOGA (SHIMOGA),KARNATAKA,301
20,272807,SHIVAMOGA (SHIMOGA),KARNATAKA,133
21,272807,SHIVAMOGA (SHIMOGA),KARNATAKA,286
22,272807,SHIVAMOGA (SHIMOGA),KARNATAKA,587
23,272807,SHIVAMOGA (SHIMOGA),KARNATAKA,208
24,272807,SHIVAMOGA (SHIMOGA),KARNATAKA,247
25,272807,SHIVAMOGA (SHIMOGA),KARNATAKA,474
26,272807,SHIVAMOGA (SHIMOGA),KARNATAKA,394
27,272807,SHIVAMOGA (SHIMOGA),KARNATAKA,40
28,272807,SHIVAMOGA (SHIMOGA),KARNATAKA,215
29,272807,SHIVAMOGA (SHIMOGA),KARNATAKA,124
30,272807,SHIVAMOGA (SHIMOGA),KARNATAKA,66
31,272807,SHIVAMOGA (SHIMOGA),KARNATAKA,311
32,272807,SHIVAMOGA (SHIMOGA),KARNATAKA,48
33,272807,SHIVAMOGA (SHIMOGA),KARNATAKA,461
34,272807,SHIVAMOGA (SHIMOGA),KARNATAKA,308
35,272807,SHIVAMOGA (SHIMOGA),KARNATAKA,211
36,272807,SHIVAMOGA (SHIMOGA),KARNATAKA,104
37,272807,SHIVAMOGA (SHIMOGA),KARNATAKA,131
38,272807,SHIVAMOGA (SHIMOGA),KARNATAKA,88
39,272807,SHIVAMOGA (SHIMOGA),KARNATAKA,33
40,272807,SHIVAMOGA (SHIMOGA),KARNATAKA,269
41,272807,SHIVAMOGA (SHIMOGA),KARNATAKA,555
42,272807,SHIVAMOGA (SHIMOGA),KARNATAKA,193
43,272807,SHIVAMOGA (SHIMOGA),KARNATAKA,278
44,272807,SHIVAMOGA (SHIMOGA),KARNATAKA,146
45,272807,SHIVAMOGA (SHIMOGA),KARNATAKA,198
46,272807,SHIVAMOGA (SHIMOGA),KARNATAKA,175
47,272807,SHIVAMOGA (SHIMOGA),KARNATAKA,55
48,272807,SHIVAMOGA (SHIMOGA),KARNATAKA,111
49,272807,SHIVAMOGA (SHIMOGA),KARNATAKA,102
50,272807,SHIVAMOGA (SHIMOGA),KARNATAKA,95
51,272807,SHIVAMOGA (SHIMOGA),KARNATAKA,325
52,272807,SHIVAMOGA (SHIMOGA),KARNATAKA,80
53,272807,SHIVAMOGA (SHIMOGA),KARNATAKA,179
54,272807,SHIVAMOGA (SHIMOGA),KARNATAKA,172
55,272807,SHIVAMOGA (SHIMOGA),KARNATAKA,200
56,272807,SHIVAMOGA (SHIMOGA),KARNATAKA,282
57,272807,SHIVAMOGA (SHIMOGA),KARNATAKA,131
58,272807,SHIVAMOGA (SHIMOGA),KARNATAKA,23
59,272807,SHIVAMOGA (SHIMOGA),KARNATAKA,46
60,272807,SHIVAMOGA (SHIMOGA),KARNATAKA,112
61,272807,SHIVAMOGA (SHIMOGA),KARNATAKA,161
62,272807,SHIVAMOGA (SHIMOGA),KARNATAKA,309
63,272807,SHIVAMOGA (SHIMOGA),KARNATAKA,161
64,272807,SHIVAMOGA (SHIMOGA),KARNATAKA,180
65,272807,SHIVAMOGA (SHIMOGA),KARNATAKA,442
66,272807,SHIVAMOGA (SHIMOGA),KARNATAKA,166
67,272807,SHIVAMOGA (SHIMOGA),KARNATAKA,327
68,272807,SHIVAMOGA (SHIMOGA),KARNATAKA,477
69,272807,SHIVAMOGA (SHIMOGA),KARNATAKA,85
70,272807,SHIVAMOGA (SHIMOGA),KARNATAKA,40
71,272807,SHIVAMOGA (SHIMOGA),KARNATAKA,344
72,272807,SHIVAMOGA (SHIMOGA),KARNATAKA,440
73,272807,SHIVAMOGA (SHIMOGA),KARNATAKA,105
74,272807,SHIVAMOGA (SHIMOGA),KARNATAKA,239
75,272807,SHIVAMOGA (SHIMOGA),KARNATAKA,277
76,272807,SHIVAMOGA (SHIMOGA),KARNATAKA,35
77,272807,SHIVAMOGA (SHIMOGA),KARNATAKA,193
78,272807,SHIVAMOGA (SHIMOGA),KARNATAKA,214
79,272807,SHIVAMOGA (SHIMOGA),KARNATAKA,236
80,272807,SHIVAMOGA (SHIMOGA),KARNATAKA,242
81,272807,SHIVAMOGA (SHIMOGA),KARNATAKA,74
82,272807,SHIVAMOGA (SHIMOGA),KARNATAKA,156
83,272807,SHIVAMOGA (SHIMOGA),KARNATAKA,280
84,272807,SHIVAMOGA (SHIMOGA),KARNATAKA,325
85,272807,SHIVAMOGA (SHIMOGA),KARNATAKA,155
86,272807,SHIVAMOGA (SHIMOGA),KARNATAKA,536
87,272807,SHIVAMOGA (SHIMOGA),KARNATAKA,144
88,272807,SHIVAMOGA (SHIMOGA),KARNATAKA,125
89,272807,SHIVAMOGA (SHIMOGA),KARNATAKA,500
90,272807,SHIVAMOGA (SHIMOGA),KARNATAKA,524
91,272807,SHIVAMOGA (SHIMOGA),KARNATAKA,194
92,272807,SHIVAMOGA (SHIMOGA),KARNATAKA,30
93,272807,SHIVAMOGA (SHIMOGA),KARNATAKA,248
94,272807,SHIVAMOGA (SHIMOGA),KARNATAKA,179
95,272807,SHIVAMOGA (SHIMOGA),KARNATAKA,155
96,272807,SHIVAMOGA (SHIMOGA),KARNATAKA,63
97,272807,SHIVAMOGA (SHIMOGA),KARNATAKA,331
98,272807,SHIVAMOGA (SHIMOGA),KARNATAKA,12
99,272807,SHIVAMOGA (SHIMOGA),KARNATAKA,276
100,272807,SHIVAMOGA (SHIMOGA),KARNATAKA,128
101,272807,SHIVAMOGA (SHIMOGA),KARNATAKA,145
102,272807,SHIVAMOGA (SHIMOGA),KARNATAKA,257
103,272807,SHIVAMOGA (SHIMOGA),KARNATAKA,94
104,272807,SHIVAMOGA (SHIMOGA),KARNATAKA,155
105,272807,SHIVAMOGA (SHIMOGA),KARNATAKA,508
106,272807,SHIVAMOGA (SHIMOGA),KARNATAKA,93
107,272807,SHIVAMOGA (SHIMOGA),KARNATAKA,60
108,272807,SHIVAMOGA (SHIMOGA),KARNATAKA,56
109,272807,SHIVAMOGA (SHIMOGA),KARNATAKA,131
110,272807,SHIVAMOGA (SHIMOGA),KARNATAKA,93
111,272807,SHIVAMOGA (SHIMOGA),KARNATAKA,342
112,272807,SHIVAMOGA (SHIMOGA),KARNATAKA,155
113,272807,SHIVAMOGA (SHIMOGA),KARNATAKA,393
114,272807,SHIVAMOGA (SHIMOGA),KARNATAKA,190
115,272807,SHIVAMOGA (SHIMOGA),KARNATAKA,123
116,272807,SHIVAMOGA (SHIMOGA),KARNATAKA,403
117,272807,SHIVAMOGA (SHIMOGA),KARNATAKA,99
118,272807,SHIVAMOGA (SHIMOGA),KARNATAKA,200
119,272807,SHIVAMOGA (SHIMOGA),KARNATAKA,55
120,272807,SHIVAMOGA (SHIMOGA),KARNATAKA,630
121,272807,SHIVAMOGA (SHIMOGA),KARNATAKA,42
122,272807,SHIVAMOGA (SHIMOGA),KARNATAKA,237
123,272807,SHIVAMOGA (SHIMOGA),KARNATAKA,157
124,272807,SHIVAMOGA (SHIMOGA),KARNATAKA,284
125,272807,SHIVAMOGA (SHIMOGA),KARNATAKA,182
126,272807,SHIVAMOGA (SHIMOGA),KARNATAKA,351
127,272807,SHIVAMOGA (SHIMOGA),KARNATAKA,237
128,272807,SHIVAMOGA (SHIMOGA),KARNATAKA,222
129,272807,SHIVAMOGA (SHIMOGA),KARNATAKA,90
130,272807,SHIVAMOGA (SHIMOGA),KARNATAKA,120
131,272807,SHIVAMOGA (SHIMOGA),KARNATAKA,65
132,272807,SHIVAMOGA (SHIMOGA),KARNATAKA,15
133,272807,SHIVAMOGA (SHIMOGA),KARNATAKA,227
134,272807,SHIVAMOGA (SHIMOGA),KARNATAKA,99
135,272807,SHIVAMOGA (SHIMOGA),KARNATAKA,398
136,272807,SHIVAMOGA (SHIMOGA),KARNATAKA,70
137,272807,SHIVAMOGA (SHIMOGA),KARNATAKA,162
138,272807,SHIVAMOGA (SHIMOGA),KARNATAKA,573
139,272807,SHIVAMOGA (SHIMOGA),KARNATAKA,170
140,272807,SHIVAMOGA (SHIMOGA),KARNATAKA,349
141,272807,SHIVAMOGA (SHIMOGA),KARNATAKA,136
142,272807,SHIVAMOGA (SHIMOGA),KARNATAKA,685
143,272807,SHIVAMOGA (SHIMOGA),KARNATAKA,13
144,272807,SHIVAMOGA (SHIMOGA),KARNATAKA,193
145,272807,SHIVAMOGA (SHIMOGA),KARNATAKA,296
146,272807,SHIVAMOGA (SHIMOGA),KARNATAKA,24
147,272807,SHIVAMOGA (SHIMOGA),KARNATAKA,87
148,272807,SHIVAMOGA (SHIMOGA),KARNATAKA,149
149,272807,SHIVAMOGA (SHIMOGA),KARNATAKA,123
150,272807,SHIVAMOGA (SHIMOGA),KARNATAKA,145
151,272807,SHIVAMOGA (SHIMOGA),KARNATAKA,150
152,272807,SHIVAMOGA (SHIMOGA),KARNATAKA,110
153,272807,SHIVAMOGA (SHIMOGA),KARNATAKA,56
154,272807,SHIVAMOGA (SHIMOGA),KARNATAKA,140
155,272807,SHIVAMOGA (SHIMOGA),KARNATAKA,23
156,272807,SHIVAMOGA (SHIMOGA),KARNATAKA,37
157,272807,SHIVAMOGA (SHIMOGA),KARNATAKA,240
158,272807,SHIVAMOGA (SHIMOGA),KARNATAKA,138
159,272807,SHIVAMOGA (SHIMOGA),KARNATAKA,100
160,272807,SHIVAMOGA (SHIMOGA),KARNATAKA,55
161,272807,SHIVAMOGA (SHIMOGA),KARNATAKA,236
162,272807,SHIVAMOGA (SHIMOGA),KARNATAKA,106
163,272807,SHIVAMOGA (SHIMOGA),KARNATAKA,128
164,272807,SHIVAMOGA (SHIMOGA),KARNATAKA,320
165,272807,SHIVAMOGA (SHIMOGA),KARNATAKA,115
166,272807,SHIVAMOGA (SHIMOGA),KARNATAKA,185
167,272807,SHIVAMOGA (SHIMOGA),KARNATAKA,127
168,272807,SHIVAMOGA (SHIMOGA),KARNATAKA,465
169,272807,SHIVAMOGA (SHIMOGA),KARNATAKA,147
170,272807,SHIVAMOGA (SHIMOGA),KARNATAKA,608
171,272807,SHIVAMOGA (SHIMOGA),KARNATAKA,245
172,272807,SHIVAMOGA (SHIMOGA),KARNATAKA,-10
173,272807,SHIVAMOGA (SHIMOGA),KARNATAKA,343
174,272807,SHIVAMOGA (SHIMOGA),KARNATAKA,65
175,272807,SHIVAMOGA (SHIMOGA),KARNATAKA,43
176,272807,SHIVAMOGA (SHIMOGA),KARNATAKA,259
177,272807,SHIVAMOGA (SHIMOGA),KARNATAKA,518
178,272807,SHIVAMOGA (SHIMOGA),KARNATAKA,36
179,272807,SHIVAMOGA (SHIMOGA),KARNATAKA,70
180,272807,SHIVAMOGA (SHIMOGA),KARNATAKA,82
181,272807,SHIVAMOGA (SHIMOGA),KARNATAKA,120
182,272807,SHIVAMOGA (SHIMOGA),KARNATAKA,103
183,272807,SHIVAMOGA (SHIMOGA),KARNATAKA,175
184,272807,SHIVAMOGA (SHIMOGA),KARNATAKA,151
185,272807,SHIVAMOGA (SHIMOGA),KARNATAKA,346
186,272807,SHIVAMOGA (SHIMOGA),KARNATAKA,170
187,272807,SHIVAMOGA (SHIMOGA),KARNATAKA,117
188,272807,SHIVAMOGA (SHIMOGA),KARNATAKA,152
189,272807,SHIVAMOGA (SHIMOGA),KARNATAKA,160
190,272807,SHIVAMOGA (SHIMOGA),KARNATAKA,614
191,272807,SHIVAMOGA (SHIMOGA),KARNATAKA,80
192,272807,SHIVAMOGA (SHIMOGA),KARNATAKA,88
193,272807,SHIVAMOGA (SHIMOGA),KARNATAKA,80
194,272807,SHIVAMOGA (SHIMOGA),KARNATAKA,150
195,272807,SHIVAMOGA (SHIMOGA),KARNATAKA,98
196,272807,SHIVAMOGA (SHIMOGA),KARNATAKA,82
197,272807,SHIVAMOGA (SHIMOGA),KARNATAKA,448
198,272807,SHIVAMOGA (SHIMOGA),KARNATAKA,306
199,272807,SHIVAMOGA (SHIMOGA),KARNATAKA,141
200,272807,SHIVAMOGA (SHIMOGA),KARNATAKA,80
201,272807,SHIVAMOGA (SHIMOGA),KARNATAKA,110
202,272807,SHIVAMOGA (SHIMOGA),KARNATAKA,227
203,272807,SHIVAMOGA (SHIMOGA),KARNATAKA,152
204,272807,SHIVAMOGA (SHIMOGA),KARNATAKA,115
205,272807,SHIVAMOGA (SHIMOGA),KARNATAKA,84
206,272807,SHIVAMOGA (SHIMOGA),KARNATAKA,668
207,272807,SHIVAMOGA (SHIMOGA),KARNATAKA,125
208,272807,SHIVAMOGA (SHIMOGA),KARNATAKA,95
209,272807,SHIVAMOGA (SHIMOGA),KARNATAKA,105
210,272807,SHIVAMOGA (SHIMOGA),KARNATAKA,140
211,272807,SHIVAMOGA (SHIMOGA),KARNATAKA,47
212,272807,SHIVAMOGA (SHIMOGA),KARNATAKA,215
213,272807,SHIVAMOGA (SHIMOGA),KARNATAKA,171
214,272807,SHIVAMOGA (SHIMOGA),KARNATAKA,249
215,272807,SHIVAMOGA (SHIMOGA),KARNATAKA,272
216,272807,SHIVAMOGA (SHIMOGA),KARNATAKA,25
217,272807,SHIVAMOGA (SHIMOGA),KARNATAKA,124
218,272807,SHIVAMOGA (SHIMOGA),KARNATAKA,311
219,272807,SHIVAMOGA (SHIMOGA),KARNATAKA,106
220,272807,SHIVAMOGA (SHIMOGA),KARNATAKA,214
221,272807,SHIVAMOGA (SHIMOGA),KARNATAKA,56
222,272807,SHIVAMOGA (SHIMOGA),KARNATAKA,105
223,272807,SHIVAMOGA (SHIMOGA),KARNATAKA,96
224,272807,SHIVAMOGA (SHIMOGA),KARNATAKA,411
225,272807,SHIVAMOGA (SHIMOGA),KARNATAKA,136
226,272807,SHIVAMOGA (SHIMOGA),KARNATAKA,29
227,272807,SHIVAMOGA (SHIMOGA),KARNATAKA,497
228,272807,SHIVAMOGA (SHIMOGA),KARNATAKA,168
229,272807,SHIVAMOGA (SHIMOGA),KARNATAKA,36
230,272807,SHIVAMOGA (SHIMOGA),KARNATAKA,76
231,272807,SHIVAMOGA (SHIMOGA),KARNATAKA,226
232,272807,SHIVAMOGA (SHIMOGA),KARNATAKA,177
233,272807,SHIVAMOGA (SHIMOGA),KARNATAKA,288
234,272807,SHIVAMOGA (SHIMOGA),KARNATAKA,87
235,272807,SHIVAMOGA (SHIMOGA),KARNATAKA,91
236,272807,SHIVAMOGA (SHIMOGA),KARNATAKA,115
237,272807,SHIVAMOGA (SHIMOGA),KARNATAKA,214
238,272807,SHIVAMOGA (SHIMOGA),KARNATAKA,306
239,272807,SHIVAMOGA (SHIMOGA),KARNATAKA,234
240,272807,SHIVAMOGA (SHIMOGA),KARNATAKA,133
241,272807,SHIVAMOGA (SHIMOGA),KARNATAKA,92
242,272807,SHIVAMOGA (SHIMOGA),KARNATAKA,90
243,272807,SHIVAMOGA (SHIMOGA),KARNATAKA,124
244,272807,SHIVAMOGA (SHIMOGA),KARNATAKA,129
245,272807,SHIVAMOGA (SHIMOGA),KARNATAKA,435
246,272807,SHIVAMOGA (SHIMOGA),KARNATAKA,97
247,272807,SHIVAMOGA (SHIMOGA),KARNATAKA,178
248,272807,SHIVAMOGA (SHIMOGA),KARNATAKA,267
249,272807,SHIVAMOGA (SHIMOGA),KARNATAKA,79
250,272807,SHIVAMOGA (SHIMOGA),KARNATAKA,94
251,272807,SHIVAMOGA (SHIMOGA),KARNATAKA,318
252,272807,SHIVAMOGA (SHIMOGA),KARNATAKA,121
253,272807,SHIVAMOGA (SHIMOGA),KARNATAKA,130
254,272807,SHIVAMOGA (SHIMOGA),KARNATAKA,165
255,272807,SHIVAMOGA (SHIMOGA),KARNATAKA,161
256,272807,SHIVAMOGA (SHIMOGA),KARNATAKA,148
257,272807,SHIVAMOGA (SHIMOGA),KARNATAKA,112
258,272807,SHIVAMOGA (SHIMOGA),KARNATAKA,175
259,272807,SHIVAMOGA (SHIMOGA),KARNATAKA,89
260,272807,SHIVAMOGA (SHIMOGA),KARNATAKA,574
261,272807,SHIVAMOGA (SHIMOGA),KARNATAKA,132
262,272807,SHIVAMOGA (SHIMOGA),KARNATAKA,25
263,272807,SHIVAMOGA (SHIMOGA),KARNATAKA,61
264,272807,SHIVAMOGA (SHIMOGA),KARNATAKA,120
265,272807,SHIVAMOGA (SHIMOGA),KARNATAKA,75
266,272807,SHIVAMOGA (SHIMOGA),KARNATAKA,132
267,272807,SHIVAMOGA (SHIMOGA),KARNATAKA,145
268,272807,SHIVAMOGA (SHIMOGA),KARNATAKA,233
269,272807,SHIVAMOGA (SHIMOGA),KARNATAKA,94
270,272807,SHIVAMOGA (SHIMOGA),KARNATAKA,64
271,272807,SHIVAMOGA (SHIMOGA),KARNATAKA,207
272,272807,SHIVAMOGA (SHIMOGA),KARNATAKA,303
273,272807,SHIVAMOGA (SHIMOGA),KARNATAKA,401
274,272807,SHIVAMOGA (SHIMOGA),KARNATAKA,91
275,272807,SHIVAMOGA (SHIMOGA),KARNATAKA,149
276,272807,SHIVAMOGA (SHIMOGA),KARNATAKA,82
277,272807,SHIVAMOGA (SHIMOGA),KARNATAKA,487
278,272807,SHIVAMOGA (SHIMOGA),KARNATAKA,162
279,272807,SHIVAMOGA (SHIMOGA),KARNATAKA,196
280,272807,SHIVAMOGA (SHIMOGA),KARNATAKA,50
281,272807,SHIVAMOGA (SHIMOGA),KARNATAKA,174
282,272807,SHIVAMOGA (SHIMOGA),KARNATAKA,123
283,272807,SHIVAMOGA (SHIMOGA),KARNATAKA,625
284,272807,SHIVAMOGA (SHIMOGA),KARNATAKA,89
285,272807,SHIVAMOGA (SHIMOGA),KARNATAKA,34
286,272807,SHIVAMOGA (SHIMOGA),KARNATAKA,290
287,272807,SHIVAMOGA (SHIMOGA),KARNATAKA,206
288,272807,SHIVAMOGA (SHIMOGA),KARNATAKA,433
289,272807,SHIVAMOGA (SHIMOGA),KARNATAKA,290
290,272807,SHIVAMOGA (SHIMOGA),KARNATAKA,285
291,272807,SHIVAMOGA (SHIMOGA),KARNATAKA,179
292,272807,SHIVAMOGA (SHIMOGA),KARNATAKA,341
293,272807,SHIVAMOGA (SHIMOGA),KARNATAKA,161
294,272807,SHIVAMOGA (SHIMOGA),KARNATAKA,230
295,272807,SHIVAMOGA (SHIMOGA),KARNATAKA,233
296,272807,SHIVAMOGA (SHIMOGA),KARNATAKA,204
297,272807,SHIVAMOGA (SHIMOGA),KARNATAKA,100
298,272807,SHIVAMOGA (SHIMOGA),KARNATAKA,197
299,272807,SHIVAMOGA (SHIMOGA),KARNATAKA,59
300,272807,SHIVAMOGA (SHIMOGA),KARNATAKA,388
301,272807,SHIVAMOGA (SHIMOGA),KARNATAKA,115
302,272807,SHIVAMOGA (SHIMOGA),KARNATAKA,215
303,272807,SHIVAMOGA (SHIMOGA),KARNATAKA,90
304,272807,SHIVAMOGA (SHIMOGA),KARNATAKA,105
305,272807,SHIVAMOGA (SHIMOGA),KARNATAKA,316
306,272807,SHIVAMOGA (SHIMOGA),KARNATAKA,363
307,272807,SHIVAMOGA (SHIMOGA),KARNATAKA,214
308,272807,SHIVAMOGA (SHIMOGA),KARNATAKA,161
309,272807,SHIVAMOGA (SHIMOGA),KARNATAKA,322
310,272807,SHIVAMOGA (SHIMOGA),KARNATAKA,50
311,272807,SHIVAMOGA (SHIMOGA),KARNATAKA,117
312,272807,SHIVAMOGA (SHIMOGA),KARNATAKA,30
313,272807,SHIVAMOGA (SHIMOGA),KARNATAKA,54
314,272807,SHIVAMOGA (SHIMOGA),KARNATAKA,185
315,272807,SHIVAMOGA (SHIMOGA),KARNATAKA,108
316,272807,SHIVAMOGA (SHIMOGA),KARNATAKA,74
317,272807,SHIVAMOGA (SHIMOGA),KARNATAKA,17
318,272807,SHIVAMOGA (SHIMOGA),KARNATAKA,145
319,272807,SHIVAMOGA (SHIMOGA),KARNATAKA,53
320,272807,SHIVAMOGA (SHIMOGA),KARNATAKA,50
321,272807,SHIVAMOGA (SHIMOGA),KARNATAKA,95
322,272807,SHIVAMOGA (SHIMOGA),KARNATAKA,124
323,272807,SHIVAMOGA (SHIMOGA),KARNATAKA,45
324,272807,SHIVAMOGA (SHIMOGA),KARNATAKA,66
325,272807,SHIVAMOGA (SHIMOGA),KARNATAKA,96
326,272807,SHIVAMOGA (SHIMOGA),KARNATAKA,227
327,272807,SHIVAMOGA (SHIMOGA),KARNATAKA,172
328,272807,SHIVAMOGA (SHIMOGA),KARNATAKA,425
329,272807,SHIVAMOGA (SHIMOGA),KARNATAKA,312
330,272807,SHIVAMOGA (SHIMOGA),KARNATAKA,88
331,272807,SHIVAMOGA (SHIMOGA),KARNATAKA,210
332,272807,SHIVAMOGA (SHIMOGA),KARNATAKA,109
333,272807,SHIVAMOGA (SHIMOGA),KARNATAKA,80
334,272807,SHIVAMOGA (SHIMOGA),KARNATAKA,40
335,272807,SHIVAMOGA (SHIMOGA),KARNATAKA,138
336,272807,SHIVAMOGA (SHIMOGA),KARNATAKA,49
337,272807,SHIVAMOGA (SHIMOGA),KARNATAKA,167
338,272807,SHIVAMOGA (SHIMOGA),KARNATAKA,107
339,272807,SHIVAMOGA (SHIMOGA),KARNATAKA,533
340,272807,SHIVAMOGA (SHIMOGA),KARNATAKA,3
341,272807,SHIVAMOGA (SHIMOGA),KARNATAKA,50
342,272807,SHIVAMOGA (SHIMOGA),KARNATAKA,74
343,272807,SHIVAMOGA (SHIMOGA),KARNATAKA,613
344,272807,SHIVAMOGA (SHIMOGA),KARNATAKA,30
345,272807,SHIVAMOGA (SHIMOGA),KARNATAKA,76
346,272807,SHIVAMOGA (SHIMOGA),KARNATAKA,294
347,272807,SHIVAMOGA (SHIMOGA),KARNATAKA,147
348,272807,SHIVAMOGA (SHIMOGA),KARNATAKA,120
349,272807,SHIVAMOGA (SHIMOGA),KARNATAKA,261
350,272807,SHIVAMOGA (SHIMOGA),KARNATAKA,253
351,272807,SHIVAMOGA (SHIMOGA),KARNATAKA,70
352,272807,SHIVAMOGA (SHIMOGA),KARNATAKA,436
353,272807,SHIVAMOGA (SHIMOGA),KARNATAKA,237
354,272807,SHIVAMOGA (SHIMOGA),KARNATAKA,120
1,410201,COIMBATORE,TAMIL NADU,672
2,410201,COIMBATORE,TAMIL NADU,562
3,410201,COIMBATORE,TAMIL NADU,519
4,410201,COIMBATORE,TAMIL NADU,76
5,410201,COIMBATORE,TAMIL NADU,413
6,410201,COIMBATORE,TAMIL NADU,380
7,410201,COIMBATORE,TAMIL NADU,514
8,410201,COIMBATORE,TAMIL NADU,236
9,410201,COIMBATORE,TAMIL NADU,653
10,410201,COIMBATORE,TAMIL NADU,241
11,410201,COIMBATORE,TAMIL NADU,65
12,410201,COIMBATORE,TAMIL NADU,392
13,410201,COIMBATORE,TAMIL NADU,190
14,410201,COIMBATORE,TAMIL NADU,383
15,410201,COIMBATORE,TAMIL NADU,262
16,410201,COIMBATORE,TAMIL NADU,103
17,410201,COIMBATORE,TAMIL NADU,226
18,410201,COIMBATORE,TAMIL NADU,137
19,410201,COIMBATORE,TAMIL NADU,145
20,410201,COIMBATORE,TAMIL NADU,142
21,410201,COIMBATORE,TAMIL NADU,213
22,410201,COIMBATORE,TAMIL NADU,538
23,410201,COIMBATORE,TAMIL NADU,170
24,410201,COIMBATORE,TAMIL NADU,330
25,410201,COIMBATORE,TAMIL NADU,170
26,410201,COIMBATORE,TAMIL NADU,222
27,410201,COIMBATORE,TAMIL NADU,212
28,410201,COIMBATORE,TAMIL NADU,184
29,410201,COIMBATORE,TAMIL NADU,161
30,410201,COIMBATORE,TAMIL NADU,215
31,410201,COIMBATORE,TAMIL NADU,72
32,410201,COIMBATORE,TAMIL NADU,70
33,410201,COIMBATORE,TAMIL NADU,188
34,410201,COIMBATORE,TAMIL NADU,517
35,410201,COIMBATORE,TAMIL NADU,243
36,410201,COIMBATORE,TAMIL NADU,287
37,410201,COIMBATORE,TAMIL NADU,359
38,410201,COIMBATORE,TAMIL NADU,35
39,410201,COIMBATORE,TAMIL NADU,125
40,410201,COIMBATORE,TAMIL NADU,180
41,410201,COIMBATORE,TAMIL NADU,304
42,410201,COIMBATORE,TAMIL NADU,74
43,410201,COIMBATORE,TAMIL NADU,528
44,410201,COIMBATORE,TAMIL NADU,474
45,410201,COIMBATORE,TAMIL NADU,542
46,410201,COIMBATORE,TAMIL NADU,201
47,410201,COIMBATORE,TAMIL NADU,270
48,410201,COIMBATORE,TAMIL NADU,522
49,410201,COIMBATORE,TAMIL NADU,609
50,410201,COIMBATORE,TAMIL NADU,215
51,410201,COIMBATORE,TAMIL NADU,142
52,410201,COIMBATORE,TAMIL NADU,488
53,410201,COIMBATORE,TAMIL NADU,52
54,410201,COIMBATORE,TAMIL NADU,63
55,410201,COIMBATORE,TAMIL NADU,121
56,410201,COIMBATORE,TAMIL NADU,158
57,410201,COIMBATORE,TAMIL NADU,216
58,410201,COIMBATORE,TAMIL NADU,70
59,410201,COIMBATORE,TAMIL NADU,466
60,410201,COIMBATORE,TAMIL NADU,140
61,410201,COIMBATORE,TAMIL NADU,289
62,410201,COIMBATORE,TAMIL NADU,151
63,410201,COIMBATORE,TAMIL NADU,173
64,410201,COIMBATORE,TAMIL NADU,398
65,410201,COIMBATORE,TAMIL NADU,75
66,410201,COIMBATORE,TAMIL NADU,318
67,410201,COIMBATORE,TAMIL NADU,339
68,410201,COIMBATORE,TAMIL NADU,584
69,410201,COIMBATORE,TAMIL NADU,268
70,410201,COIMBATORE,TAMIL NADU,76
71,410201,COIMBATORE,TAMIL NADU,116
72,410201,COIMBATORE,TAMIL NADU,461
73,410201,COIMBATORE,TAMIL NADU,265
74,410201,COIMBATORE,TAMIL NADU,120
75,410201,COIMBATORE,TAMIL NADU,229
76,410201,COIMBATORE,TAMIL NADU,184
77,410201,COIMBATORE,TAMIL NADU,328
78,410201,COIMBATORE,TAMIL NADU,302
79,410201,COIMBATORE,TAMIL NADU,42
80,410201,COIMBATORE,TAMIL NADU,297
81,410201,COIMBATORE,TAMIL NADU,246
82,410201,COIMBATORE,TAMIL NADU,343
83,410201,COIMBATORE,TAMIL NADU,314
84,410201,COIMBATORE,TAMIL NADU,194
85,410201,COIMBATORE,TAMIL NADU,181
86,410201,COIMBATORE,TAMIL NADU,166
87,410201,COIMBATORE,TAMIL NADU,130
88,410201,COIMBATORE,TAMIL NADU,491
89,410201,COIMBATORE,TAMIL NADU,48
90,410201,COIMBATORE,TAMIL NADU,515
91,410201,COIMBATORE,TAMIL NADU,511
92,410201,COIMBATORE,TAMIL NADU,147
93,410201,COIMBATORE,TAMIL NADU,173
94,410201,COIMBATORE,TAMIL NADU,125
95,410201,COIMBATORE,TAMIL NADU,190
96,410201,COIMBATORE,TAMIL NADU,167
97,410201,COIMBATORE,TAMIL NADU,298
98,410201,COIMBATORE,TAMIL NADU,344
99,410201,COIMBATORE,TAMIL NADU,211
100,410201,COIMBATORE,TAMIL NADU,43
101,410201,COIMBATORE,TAMIL NADU,609
102,410201,COIMBATORE,TAMIL NADU,338
103,410201,COIMBATORE,TAMIL NADU,440
104,410201,COIMBATORE,TAMIL NADU,289
105,410201,COIMBATORE,TAMIL NADU,235
106,410201,COIMBATORE,TAMIL NADU,62
107,410201,COIMBATORE,TAMIL NADU,86
108,410201,COIMBATORE,TAMIL NADU,62
109,410201,COIMBATORE,TAMIL NADU,386
110,410201,COIMBATORE,TAMIL NADU,358
111,410201,COIMBATORE,TAMIL NADU,427
112,410201,COIMBATORE,TAMIL NADU,171
113,410201,COIMBATORE,TAMIL NADU,570
114,410201,COIMBATORE,TAMIL NADU,264
115,410201,COIMBATORE,TAMIL NADU,142
116,410201,COIMBATORE,TAMIL NADU,355
117,410201,COIMBATORE,TAMIL NADU,347
118,410201,COIMBATORE,TAMIL NADU,183
119,410201,COIMBATORE,TAMIL NADU,67
120,410201,COIMBATORE,TAMIL NADU,430
121,410201,COIMBATORE,TAMIL NADU,210
122,410201,COIMBATORE,TAMIL NADU,119
123,410201,COIMBATORE,TAMIL NADU,235
124,410201,COIMBATORE,TAMIL NADU,141
125,410201,COIMBATORE,TAMIL NADU,84
126,410201,COIMBATORE,TAMIL NADU,339
127,410201,COIMBATORE,TAMIL NADU,140
128,410201,COIMBATORE,TAMIL NADU,296
129,410201,COIMBATORE,TAMIL NADU,120
130,410201,COIMBATORE,TAMIL NADU,180
131,410201,COIMBATORE,TAMIL NADU,166
132,410201,COIMBATORE,TAMIL NADU,304
133,410201,COIMBATORE,TAMIL NADU,116
134,410201,COIMBATORE,TAMIL NADU,93
135,410201,COIMBATORE,TAMIL NADU,54
136,410201,COIMBATORE,TAMIL NADU,150
137,410201,COIMBATORE,TAMIL NADU,339
138,410201,COIMBATORE,TAMIL NADU,657
139,410201,COIMBATORE,TAMIL NADU,230
140,410201,COIMBATORE,TAMIL NADU,122
141,410201,COIMBATORE,TAMIL NADU,245
142,410201,COIMBATORE,TAMIL NADU,87
143,410201,COIMBATORE,TAMIL NADU,352
144,410201,COIMBATORE,TAMIL NADU,269
145,410201,COIMBATORE,TAMIL NADU,102
146,410201,COIMBATORE,TAMIL NADU,58
147,410201,COIMBATORE,TAMIL NADU,70
148,410201,COIMBATORE,TAMIL NADU,-13
149,410201,COIMBATORE,TAMIL NADU,160
150,410201,COIMBATORE,TAMIL NADU,342
151,410201,COIMBATORE,TAMIL NADU,306
152,410201,COIMBATORE,TAMIL NADU,420
153,410201,COIMBATORE,TAMIL NADU,589
154,410201,COIMBATORE,TAMIL NADU,126
155,410201,COIMBATORE,TAMIL NADU,45
156,410201,COIMBATORE,TAMIL NADU,159
157,410201,COIMBATORE,TAMIL NADU,200
158,410201,COIMBATORE,TAMIL NADU,318
159,410201,COIMBATORE,TAMIL NADU,235
160,410201,COIMBATORE,TAMIL NADU,155
161,410201,COIMBATORE,TAMIL NADU,110
162,410201,COIMBATORE,TAMIL NADU,406
163,410201,COIMBATORE,TAMIL NADU,154
164,410201,COIMBATORE,TAMIL NADU,102
165,410201,COIMBATORE,TAMIL NADU,476
166,410201,COIMBATORE,TAMIL NADU,232
167,410201,COIMBATORE,TAMIL NADU,582
168,410201,COIMBATORE,TAMIL NADU,262
169,410201,COIMBATORE,TAMIL NADU,95
170,410201,COIMBATORE,TAMIL NADU,178
171,410201,COIMBATORE,TAMIL NADU,217
172,410201,COIMBATORE,TAMIL NADU,65
173,410201,COIMBATORE,TAMIL NADU,489
174,410201,COIMBATORE,TAMIL NADU,70
175,410201,COIMBATORE,TAMIL NADU,125
176,410201,COIMBATORE,TAMIL NADU,101
177,410201,COIMBATORE,TAMIL NADU,401
178,410201,COIMBATORE,TAMIL NADU,50
179,410201,COIMBATORE,TAMIL NADU,154
180,410201,COIMBATORE,TAMIL NADU,163
181,410201,COIMBATORE,TAMIL NADU,194
182,410201,COIMBATORE,TAMIL NADU,85
183,410201,COIMBATORE,TAMIL NADU,284
184,410201,COIMBATORE,TAMIL NADU,124
185,410201,COIMBATORE,TAMIL NADU,185
186,410201,COIMBATORE,TAMIL NADU,260
187,410201,COIMBATORE,TAMIL NADU,530
188,410201,COIMBATORE,TAMIL NADU,551
189,410201,COIMBATORE,TAMIL NADU,675
190,410201,COIMBATORE,TAMIL NADU,439
191,410201,COIMBATORE,TAMIL NADU,328
192,410201,COIMBATORE,TAMIL NADU,171
193,410201,COIMBATORE,TAMIL NADU,20
194,410201,COIMBATORE,TAMIL NADU,70
195,410201,COIMBATORE,TAMIL NADU,129
196,410201,COIMBATORE,TAMIL NADU,199
197,410201,COIMBATORE,TAMIL NADU,185
198,410201,COIMBATORE,TAMIL NADU,287
199,410201,COIMBATORE,TAMIL NADU,388
200,410201,COIMBATORE,TAMIL NADU,15
201,410201,COIMBATORE,TAMIL NADU,78
202,410201,COIMBATORE,TAMIL NADU,129
203,410201,COIMBATORE,TAMIL NADU,302
204,410201,COIMBATORE,TAMIL NADU,131
205,410201,COIMBATORE,TAMIL NADU,243
206,410201,COIMBATORE,TAMIL NADU,625
207,410201,COIMBATORE,TAMIL NADU,204
208,410201,COIMBATORE,TAMIL NADU,194
209,410201,COIMBATORE,TAMIL NADU,154
210,410201,COIMBATORE,TAMIL NADU,176
211,410201,COIMBATORE,TAMIL NADU,115
212,410201,COIMBATORE,TAMIL NADU,125
213,410201,COIMBATORE,TAMIL NADU,321
214,410201,COIMBATORE,TAMIL NADU,89
215,410201,COIMBATORE,TAMIL NADU,558
216,410201,COIMBATORE,TAMIL NADU,157
217,410201,COIMBATORE,TAMIL NADU,56
218,410201,COIMBATORE,TAMIL NADU,465
219,410201,COIMBATORE,TAMIL NADU,135
220,410201,COIMBATORE,TAMIL NADU,77
221,410201,COIMBATORE,TAMIL NADU,103
222,410201,COIMBATORE,TAMIL NADU,64
223,410201,COIMBATORE,TAMIL NADU,573
224,410201,COIMBATORE,TAMIL NADU,-6
225,410201,COIMBATORE,TAMIL NADU,219
226,410201,COIMBATORE,TAMIL NADU,283
227,410201,COIMBATORE,TAMIL NADU,75
228,410201,COIMBATORE,TAMIL NADU,123
229,410201,COIMBATORE,TAMIL NADU,355
230,410201,COIMBATORE,TAMIL NADU,145
231,410201,COIMBATORE,TAMIL NADU,219
232,410201,COIMBATORE,TAMIL NADU,331
233,410201,COIMBATORE,TAMIL NADU,106
234,410201,COIMBATORE,TAMIL NADU,104
235,410201,COIMBATORE,TAMIL NADU,120
236,410201,COIMBATORE,TAMIL NADU,183
237,410201,COIMBATORE,TAMIL NADU,131
238,410201,COIMBATORE,TAMIL NADU,116
239,410201,COIMBATORE,TAMIL NADU,45
240,410201,COIMBATORE,TAMIL NADU,498
241,410201,COIMBATORE,TAMIL NADU,127
242,410201,COIMBATORE,TAMIL NADU,289
243,410201,COIMBATORE,TAMIL NADU,570
244,410201,COIMBATORE,TAMIL NADU,535
245,410201,COIMBATORE,TAMIL NADU,328
246,410201,COIMBATORE,TAMIL NADU,221
247,410201,COIMBATORE,TAMIL NADU,170
248,410201,COIMBATORE,TAMIL NADU,516
249,410201,COIMBATORE,TAMIL NADU,243
250,410201,COIMBATORE,TAMIL NADU,19
251,410201,COIMBATORE,TAMIL NADU,298
252,410201,COIMBATORE,TAMIL NADU,55
253,410201,COIMBATORE,TAMIL NADU,209
254,410201,COIMBATORE,TAMIL NADU,267
255,410201,COIMBATORE,TAMIL NADU,457
256,410201,COIMBATORE,TAMIL NADU,116
257,410201,COIMBATORE,TAMIL NADU,387
258,410201,COIMBATORE,TAMIL NADU,47
259,410201,COIMBATORE,TAMIL NADU,391
260,410201,COIMBATORE,TAMIL NADU,79
261,410201,COIMBATORE,TAMIL NADU,95
262,410201,COIMBATORE,TAMIL NADU,40
263,410201,COIMBATORE,TAMIL NADU,437
264,410201,COIMBATORE,TAMIL NADU,540
265,410201,COIMBATORE,TAMIL NADU,266
266,410201,COIMBATORE,TAMIL NADU,202
267,410201,COIMBATORE,TAMIL NADU,118
268,410201,COIMBATORE,TAMIL NADU,371
269,410201,COIMBATORE,TAMIL NADU,271
270,410201,COIMBATORE,TAMIL NADU,117
271,410201,COIMBATORE,TAMIL NADU,141
272,410201,COIMBATORE,TAMIL NADU,338
273,410201,COIMBATORE,TAMIL NADU,537
274,410201,COIMBATORE,TAMIL NADU,301
275,410201,COIMBATORE,TAMIL NADU,344
276,410201,COIMBATORE,TAMIL NADU,488
277,410201,COIMBATORE,TAMIL NADU,85
278,410201,COIMBATORE,TAMIL NADU,184
279,410201,COIMBATORE,TAMIL NADU,347
280,410201,COIMBATORE,TAMIL NADU,90
281,410201,COIMBATORE,TAMIL NADU,619
282,410201,COIMBATORE,TAMIL NADU,111
283,410201,COIMBATORE,TAMIL NADU,34
284,410201,COIMBATORE,TAMIL NADU,319
285,410201,COIMBATORE,TAMIL NADU,432
286,410201,COIMBATORE,TAMIL NADU,526
287,410201,COIMBATORE,TAMIL NADU,155
288,410201,COIMBATORE,TAMIL NADU,662
289,410201,COIMBATORE,TAMIL NADU,569
290,410201,COIMBATORE,TAMIL NADU,354
291,410201,COIMBATORE,TAMIL NADU,111
292,410201,COIMBATORE,TAMIL NADU,429
293,410201,COIMBATORE,TAMIL NADU,118
294,410201,COIMBATORE,TAMIL NADU,187
295,410201,COIMBATORE,TAMIL NADU,303
296,410201,COIMBATORE,TAMIL NADU,318
297,410201,COIMBATORE,TAMIL NADU,356
298,410201,COIMBATORE,TAMIL NADU,166
299,410201,COIMBATORE,TAMIL NADU,606
300,410201,COIMBATORE,TAMIL NADU,136
301,410201,COIMBATORE,TAMIL NADU,122
302,410201,COIMBATORE,TAMIL NADU,228
303,410201,COIMBATORE,TAMIL NADU,92
304,410201,COIMBATORE,TAMIL NADU,136
305,410201,COIMBATORE,TAMIL NADU,70
306,410201,COIMBATORE,TAMIL NADU,235
307,410201,COIMBATORE,TAMIL NADU,73
308,410201,COIMBATORE,TAMIL NADU,102
309,410201,COIMBATORE,TAMIL NADU,113
310,410201,COIMBATORE,TAMIL NADU,115
311,410201,COIMBATORE,TAMIL NADU,225
312,410201,COIMBATORE,TAMIL NADU,200
313,410201,COIMBATORE,TAMIL NADU,538
314,410201,COIMBATORE,TAMIL NADU,500
315,410201,COIMBATORE,TAMIL NADU,216
316,410201,COIMBATORE,TAMIL NADU,114
317,410201,COIMBATORE,TAMIL NADU,604
318,410201,COIMBATORE,TAMIL NADU,215
319,410201,COIMBATORE,TAMIL NADU,84
320,410201,COIMBATORE,TAMIL NADU,98
321,410201,COIMBATORE,TAMIL NADU,131
322,410201,COIMBATORE,TAMIL NADU,107
323,410201,COIMBATORE,TAMIL NADU,492
324,410201,COIMBATORE,TAMIL NADU,230
325,410201,COIMBATORE,TAMIL NADU,647
326,410201,COIMBATORE,TAMIL NADU,244
327,410201,COIMBATORE,TAMIL NADU,183
328,410201,COIMBATORE,TAMIL NADU,440
329,410201,COIMBATORE,TAMIL NADU,237
330,410201,COIMBATORE,TAMIL NADU,112
331,410201,COIMBATORE,TAMIL NADU,100
332,410201,COIMBATORE,TAMIL NADU,295
333,410201,COIMBATORE,TAMIL NADU,344
334,410201,COIMBATORE,TAMIL NADU,60
335,410201,COIMBATORE,TAMIL NADU,641
336,410201,COIMBATORE,TAMIL NADU,77
337,410201,COIMBATORE,TAMIL NADU,256
338,410201,COIMBATORE,TAMIL NADU,83
339,410201,COIMBATORE,TAMIL NADU,612
340,410201,COIMBATORE,TAMIL NADU,510
341,410201,COIMBATORE,TAMIL NADU,479
342,410201,COIMBATORE,TAMIL NADU,137
343,410201,COIMBATORE,TAMIL NADU,168
344,410201,COIMBATORE,TAMIL NADU,161
345,410201,COIMBATORE,TAMIL NADU,81
346,410201,COIMBATORE,TAMIL NADU,292
347,410201,COIMBATORE,TAMIL NADU,364
348,410201,COIMBATORE,TAMIL NADU,235
349,410201,COIMBATORE,TAMIL NADU,440
350,410201,COIMBATORE,TAMIL NADU,249
351,410201,COIMBATORE,TAMIL NADU,171
352,410201,COIMBATORE,TAMIL NADU,180
353,410201,COIMBATORE,TAMIL NADU,510
354,410201,COIMBATORE,TAMIL NADU,481
355,410201,COIMBATORE,TAMIL NADU,91
356,410201,COIMBATORE,TAMIL NADU,118
357,410201,COIMBATORE,TAMIL NADU,349
358,410201,COIMBATORE,TAMIL NADU,219
359,410201,COIMBATORE,TAMIL NADU,585
360,410201,COIMBATORE,TAMIL NADU,648
361,410201,COIMBATORE,TAMIL NADU,521
362,410201,COIMBATORE,TAMIL NADU,591
363,410201,COIMBATORE,TAMIL NADU,131
364,410201,COIMBATORE,TAMIL NADU,658
365,410201,COIMBATORE,TAMIL NADU,536
366,410201,COIMBATORE,TAMIL NADU,192
367,410201,COIMBATORE,TAMIL NADU,607
368,410201,COIMBATORE,TAMIL NADU,106
369,410201,COIMBATORE,TAMIL NADU,222
370,410201,COIMBATORE,TAMIL NADU,324
371,410201,COIMBATORE,TAMIL NADU,395
372,410201,COIMBATORE,TAMIL NADU,409
373,410201,COIMBATORE,TAMIL NADU,76
374,410201,COIMBATORE,TAMIL NADU,185
375,410201,COIMBATORE,TAMIL NADU,198
376,410201,COIMBATORE,TAMIL NADU,246
377,410201,COIMBATORE,TAMIL NADU,279
378,410201,COIMBATORE,TAMIL NADU,238
379,410201,COIMBATORE,TAMIL NADU,220
380,410201,COIMBATORE,TAMIL NADU,266
381,410201,COIMBATORE,TAMIL NADU,65
382,410201,COIMBATORE,TAMIL NADU,315
383,410201,COIMBATORE,TAMIL NADU,65
384,410201,COIMBATORE,TAMIL NADU,34
385,410201,COIMBATORE,TAMIL NADU,95
386,410201,COIMBATORE,TAMIL NADU,239
387,410201,COIMBATORE,TAMIL NADU,422
388,410201,COIMBATORE,TAMIL NADU,115
389,410201,COIMBATORE,TAMIL NADU,390
390,410201,COIMBATORE,TAMIL NADU,108
391,410201,COIMBATORE,TAMIL NADU,281
392,410201,COIMBATORE,TAMIL NADU,307
393,410201,COIMBATORE,TAMIL NADU,260
394,410201,COIMBATORE,TAMIL NADU,563
395,410201,COIMBATORE,TAMIL NADU,587
396,410201,COIMBATORE,TAMIL NADU,128
397,410201,COIMBATORE,TAMIL NADU,178
398,410201,COIMBATORE,TAMIL NADU,157
399,410201,COIMBATORE,TAMIL NADU,130
400,410201,COIMBATORE,TAMIL NADU,379
401,410201,COIMBATORE,TAMIL NADU,517
402,410201,COIMBATORE,TAMIL NADU,390
403,410201,COIMBATORE,TAMIL NADU,150
404,410201,COIMBATORE,TAMIL NADU,203
405,410201,COIMBATORE,TAMIL NADU,145
406,410201,COIMBATORE,TAMIL NADU,550
407,410201,COIMBATORE,TAMIL NADU,170
408,410201,COIMBATORE,TAMIL NADU,135
409,410201,COIMBATORE,TAMIL NADU,237
410,410201,COIMBATORE,TAMIL NADU,377
411,410201,COIMBATORE,TAMIL NADU,219
412,410201,COIMBATORE,TAMIL NADU,561
413,410201,COIMBATORE,TAMIL NADU,314
414,410201,COIMBATORE,TAMIL NADU,611
415,410201,COIMBATORE,TAMIL NADU,232
416,410201,COIMBATORE,TAMIL NADU,295
417,410201,COIMBATORE,TAMIL NADU,361
418,410201,COIMBATORE,TAMIL NADU,49
419,410201,COIMBATORE,TAMIL NADU,106
420,410201,COIMBATORE,TAMIL NADU,509
421,410201,COIMBATORE,TAMIL NADU,266
422,410201,COIMBATORE,TAMIL NADU,230
423,410201,COIMBATORE,TAMIL NADU,388
424,410201,COIMBATORE,TAMIL NADU,572
425,410201,COIMBATORE,TAMIL NADU,498
426,410201,COIMBATORE,TAMIL NADU,156
427,410201,COIMBATORE,TAMIL NADU,38
428,410201,COIMBATORE,TAMIL NADU,172
429,410201,COIMBATORE,TAMIL NADU,154
430,410201,COIMBATORE,TAMIL NADU,126
431,410201,COIMBATORE,TAMIL NADU,85
432,410201,COIMBATORE,TAMIL NADU,610
433,410201,COIMBATORE,TAMIL NADU,99
434,410201,COIMBATORE,TAMIL NADU,401
435,410201,COIMBATORE,TAMIL NADU,154
436,410201,COIMBATORE,TAMIL NADU,489
437,410201,COIMBATORE,TAMIL NADU,588
438,410201,COIMBATORE,TAMIL NADU,144
439,410201,COIMBATORE,TAMIL NADU,131
440,410201,COIMBATORE,TAMIL NADU,152
441,410201,COIMBATORE,TAMIL NADU,445
442,410201,COIMBATORE,TAMIL NADU,271
443,410201,COIMBATORE,TAMIL NADU,609
444,410201,COIMBATORE,TAMIL NADU,273
445,410201,COIMBATORE,TAMIL NADU,152
446,410201,COIMBATORE,TAMIL NADU,420
447,410201,COIMBATORE,TAMIL NADU,190
448,410201,COIMBATORE,TAMIL NADU,356
449,410201,COIMBATORE,TAMIL NADU,671
450,410201,COIMBATORE,TAMIL NADU,569
451,410201,COIMBATORE,TAMIL NADU,141
452,410201,COIMBATORE,TAMIL NADU,98
453,410201,COIMBATORE,TAMIL NADU,390
454,410201,COIMBATORE,TAMIL NADU,248
455,410201,COIMBATORE,TAMIL NADU,193
456,410201,COIMBATORE,TAMIL NADU,88
457,410201,COIMBATORE,TAMIL NADU,52
458,410201,COIMBATORE,TAMIL NADU,343
459,410201,COIMBATORE,TAMIL NADU,146
460,410201,COIMBATORE,TAMIL NADU,95
461,410201,COIMBATORE,TAMIL NADU,227
462,410201,COIMBATORE,TAMIL NADU,238
463,410201,COIMBATORE,TAMIL NADU,55
464,410201,COIMBATORE,TAMIL NADU,110
465,410201,COIMBATORE,TAMIL NADU,335
466,410201,COIMBATORE,TAMIL NADU,216
467,410201,COIMBATORE,TAMIL NADU,87
468,410201,COIMBATORE,TAMIL NADU,528
469,410201,COIMBATORE,TAMIL NADU,253
470,410201,COIMBATORE,TAMIL NADU,454
471,410201,COIMBATORE,TAMIL NADU,690
472,410201,COIMBATORE,TAMIL NADU,183
473,410201,COIMBATORE,TAMIL NADU,117
474,410201,COIMBATORE,TAMIL NADU,255
475,410201,COIMBATORE,TAMIL NADU,213
476,410201,COIMBATORE,TAMIL NADU,414
477,410201,COIMBATORE,TAMIL NADU,336
478,410201,COIMBATORE,TAMIL NADU,144
479,410201,COIMBATORE,TAMIL NADU,116
480,410201,COIMBATORE,TAMIL NADU,345
481,410201,COIMBATORE,TAMIL NADU,371
482,410201,COIMBATORE,TAMIL NADU,291
483,410201,COIMBATORE,TAMIL NADU,108
484,410201,COIMBATORE,TAMIL NADU,573
485,410201,COIMBATORE,TAMIL NADU,251
486,410201,COIMBATORE,TAMIL NADU,232
487,410201,COIMBATORE,TAMIL NADU,129
488,410201,COIMBATORE,TAMIL NADU,357
489,410201,COIMBATORE,TAMIL NADU,232
490,410201,COIMBATORE,TAMIL NADU,127
491,410201,COIMBATORE,TAMIL NADU,320
492,410201,COIMBATORE,TAMIL NADU,232
493,410201,COIMBATORE,TAMIL NADU,73
494,410201,COIMBATORE,TAMIL NADU,156
495,410201,COIMBATORE,TAMIL NADU,277
496,410201,COIMBATORE,TAMIL NADU,240
497,410201,COIMBATORE,TAMIL NADU,154
498,410201,COIMBATORE,TAMIL NADU,235
499,410201,COIMBATORE,TAMIL NADU,101
500,410201,COIMBATORE,TAMIL NADU,197
501,410201,COIMBATORE,TAMIL NADU,475
502,410201,COIMBATORE,TAMIL NADU,555
503,410201,COIMBATORE,TAMIL NADU,296
504,410201,COIMBATORE,TAMIL NADU,351
505,410201,COIMBATORE,TAMIL NADU,56
506,410201,COIMBATORE,TAMIL NADU,660
507,410201,COIMBATORE,TAMIL NADU,588
508,410201,COIMBATORE,TAMIL NADU,362
509,410201,COIMBATORE,TAMIL NADU,346
510,410201,COIMBATORE,TAMIL NADU,153
511,410201,COIMBATORE,TAMIL NADU,99
512,410201,COIMBATORE,TAMIL NADU,122
513,410201,COIMBATORE,TAMIL NADU,119
514,410201,COIMBATORE,TAMIL NADU,637
515,410201,COIMBATORE,TAMIL NADU,172
516,410201,COIMBATORE,TAMIL NADU,391
517,410201,COIMBATORE,TAMIL NADU,170
518,410201,COIMBATORE,TAMIL NADU,177
519,410201,COIMBATORE,TAMIL NADU,616
520,410201,COIMBATORE,TAMIL NADU,265
521,410201,COIMBATORE,TAMIL NADU,154
522,410201,COIMBATORE,TAMIL NADU,264
523,410201,COIMBATORE,TAMIL NADU,252
524,410201,COIMBATORE,TAMIL NADU,120
525,410201,COIMBATORE,TAMIL NADU,644
526,410201,COIMBATORE,TAMIL NADU,120
527,410201,COIMBATORE,TAMIL NADU,46
528,410201,COIMBATORE,TAMIL NADU,414
529,410201,COIMBATORE,TAMIL NADU,422
530,410201,COIMBATORE,TAMIL NADU,54
531,410201,COIMBATORE,TAMIL NADU,408
532,410201,COIMBATORE,TAMIL NADU,147
533,410201,COIMBATORE,TAMIL NADU,246
534,410201,COIMBATORE,TAMIL NADU,262
535,410201,COIMBATORE,TAMIL NADU,93
536,410201,COIMBATORE,TAMIL NADU,532
537,410201,COIMBATORE,TAMIL NADU,65
538,410201,COIMBATORE,TAMIL NADU,606
539,410201,COIMBATORE,TAMIL NADU,451
540,410201,COIMBATORE,TAMIL NADU,267
541,410201,COIMBATORE,TAMIL NADU,186
542,410201,COIMBATORE,TAMIL NADU,95
543,410201,COIMBATORE,TAMIL NADU,273
544,410201,COIMBATORE,TAMIL NADU,472
545,410201,COIMBATORE,TAMIL NADU,715
546,410201,COIMBATORE,TAMIL NADU,75
547,410201,COIMBATORE,TAMIL NADU,201
548,410201,COIMBATORE,TAMIL NADU,268
549,410201,COIMBATORE,TAMIL NADU,118
550,410201,COIMBATORE,TAMIL NADU,55
551,410201,COIMBATORE,TAMIL NADU,248
552,410201,COIMBATORE,TAMIL NADU,172
553,410201,COIMBATORE,TAMIL NADU,198
554,410201,COIMBATORE,TAMIL NADU,434
555,410201,COIMBATORE,TAMIL NADU,41
556,410201,COIMBATORE,TAMIL NADU,116
557,410201,COIMBATORE,TAMIL NADU,335
558,410201,COIMBATORE,TAMIL NADU,450
559,410201,COIMBATORE,TAMIL NADU,103
560,410201,COIMBATORE,TAMIL NADU,462
561,410201,COIMBATORE,TAMIL NADU,30
562,410201,COIMBATORE,TAMIL NADU,213
563,410201,COIMBATORE,TAMIL NADU,230
564,410201,COIMBATORE,TAMIL NADU,309
565,410201,COIMBATORE,TAMIL NADU,94
566,410201,COIMBATORE,TAMIL NADU,176
567,410201,COIMBATORE,TAMIL NADU,274
568,410201,COIMBATORE,TAMIL NADU,181
569,410201,COIMBATORE,TAMIL NADU,182
570,410201,COIMBATORE,TAMIL NADU,501
571,410201,COIMBATORE,TAMIL NADU,311
572,410201,COIMBATORE,TAMIL NADU,314
573,410201,COIMBATORE,TAMIL NADU,256
574,410201,COIMBATORE,TAMIL NADU,316
575,410201,COIMBATORE,TAMIL NADU,135
576,410201,COIMBATORE,TAMIL NADU,128
577,410201,COIMBATORE,TAMIL NADU,137
578,410201,COIMBATORE,TAMIL NADU,434
579,410201,COIMBATORE,TAMIL NADU,270
580,410201,COIMBATORE,TAMIL NADU,95
581,410201,COIMBATORE,TAMIL NADU,242
582,410201,COIMBATORE,TAMIL NADU,432
583,410201,COIMBATORE,TAMIL NADU,151
584,410201,COIMBATORE,TAMIL NADU,60
585,410201,COIMBATORE,TAMIL NADU,160
586,410201,COIMBATORE,TAMIL NADU,100
587,410201,COIMBATORE,TAMIL NADU,150
588,410201,COIMBATORE,TAMIL NADU,315
589,410201,COIMBATORE,TAMIL NADU,273
590,410201,COIMBATORE,TAMIL NADU,53
591,410201,COIMBATORE,TAMIL NADU,98
592,410201,COIMBATORE,TAMIL NADU,299
593,410201,COIMBATORE,TAMIL NADU,139
594,410201,COIMBATORE,TAMIL NADU,270
595,410201,COIMBATORE,TAMIL NADU,592
596,410201,COIMBATORE,TAMIL NADU,493
597,410201,COIMBATORE,TAMIL NADU,380
598,410201,COIMBATORE,TAMIL NADU,175
599,410201,COIMBATORE,TAMIL NADU,128
600,410201,COIMBATORE,TAMIL NADU,246
601,410201,COIMBATORE,TAMIL NADU,172
602,410201,COIMBATORE,TAMIL NADU,597
603,410201,COIMBATORE,TAMIL NADU,373
604,410201,COIMBATORE,TAMIL NADU,306
605,410201,COIMBATORE,TAMIL NADU,512
606,410201,COIMBATORE,TAMIL NADU,173
607,410201,COIMBATORE,TAMIL NADU,325
608,410201,COIMBATORE,TAMIL NADU,124
609,410201,COIMBATORE,TAMIL NADU,451
610,410201,COIMBATORE,TAMIL NADU,303
611,410201,COIMBATORE,TAMIL NADU,569
612,410201,COIMBATORE,TAMIL NADU,297
613,410201,COIMBATORE,TAMIL NADU,135
614,410201,COIMBATORE,TAMIL NADU,180
615,410201,COIMBATORE,TAMIL NADU,34
616,410201,COIMBATORE,TAMIL NADU,44
617,410201,COIMBATORE,TAMIL NADU,140
618,410201,COIMBATORE,TAMIL NADU,224
619,410201,COIMBATORE,TAMIL NADU,38
620,410201,COIMBATORE,TAMIL NADU,93
621,410201,COIMBATORE,TAMIL NADU,215
622,410201,COIMBATORE,TAMIL NADU,455
623,410201,COIMBATORE,TAMIL NADU,438
624,410201,COIMBATORE,TAMIL NADU,240
625,410201,COIMBATORE,TAMIL NADU,282
626,410201,COIMBATORE,TAMIL NADU,492
627,410201,COIMBATORE,TAMIL NADU,50
628,410201,COIMBATORE,TAMIL NADU,465
629,410201,COIMBATORE,TAMIL NADU,160
630,410201,COIMBATORE,TAMIL NADU,197
631,410201,COIMBATORE,TAMIL NADU,85
632,410201,COIMBATORE,TAMIL NADU,558
633,410201,COIMBATORE,TAMIL NADU,178
634,410201,COIMBATORE,TAMIL NADU,146
635,410201,COIMBATORE,TAMIL NADU,705
636,410201,COIMBATORE,TAMIL NADU,335
637,410201,COIMBATORE,TAMIL NADU,249
638,410201,COIMBATORE,TAMIL NADU,305
639,410201,COIMBATORE,TAMIL NADU,322
640,410201,COIMBATORE,TAMIL NADU,79
641,410201,COIMBATORE,TAMIL NADU,501
642,410201,COIMBATORE,TAMIL NADU,61
643,410201,COIMBATORE,TAMIL NADU,576
644,410201,COIMBATORE,TAMIL NADU,194
645,410201,COIMBATORE,TAMIL NADU,96
